Candidate Name,Score,Strengths,Weaknesses,Analysis PDF
Unknown Candidate,0,Not Provided,Not Provided,data\reports\Unknown Candidate_analysis.pdf
Unknown Candidate,0,Not Provided,Not Provided,data\reports\Unknown Candidate_analysis.pdf
Unknown Candidate,0,Not Provided,Not Provided,data\reports\Unknown Candidate_analysis.pdf
Unknown Candidate,0,Not Provided,Not Provided,data\reports\Unknown Candidate_analysis.pdf
Unknown Candidate,0,Not Provided,Not Provided,data\reports\Unknown Candidate_analysis.pdf
